Product Name,Price
Forest森林無穀物天然全貓糧 鴨肉15lb． EXP:09/25**限時半價優惠**,HK$384.00
Forest森林 無穀物天然全貓糧系列 鴨肉配方(粉紅)．4lb EXP:09/25 *2包優惠*（貓貓乾糧）,HK$258.00 ~ HK$36...
Forest森林 升級貓主食湯罐系列 94%三文魚+魚湯．80g（貓罐頭）,HK$216.00
Forest森林 無穀物天然全犬糧系列 魚肉配方(藍色)．4lb/15lb（狗狗乾糧）,HK$248.00 ~ HK$73...
Forest森林 無穀物罐頭系列 吞拿魚．80g（貓犬罐頭）,HK$168.00
Forest森林 無穀物天然全犬糧系列 經典雞肉配方(黃色)．4lb/15lb（狗狗乾糧）,HK$248.00 ~ HK$73...
Forest森林 無穀物天然全貓糧系列 鴨肉配方(粉紅)．15lb EXP:09/25 *半價*（貓貓乾糧）,HK$384.00
Forest森林 無穀物罐頭系列 雞肉．80g（貓犬罐頭）,HK$168.00
Forest森林 無穀物罐頭系列 白身魚．80g（貓犬罐頭）,HK$168.00
Forest森林 無穀物天然全貓糧系列 雞魚配方(紫色)．4lb/15lb（貓貓乾糧）,HK$258.00 ~ HK$76...
Forest森林 無穀物天然全犬糧系列 鹿肉配方(紅色)．4lb/15lb（狗狗乾糧）,HK$278.00 ~ HK$81...
Forest森林 無穀物天然全貓糧系列 鴨肉配方(粉紅)．4lb/15lb EXP:09/25（貓貓乾糧）,HK$258.00 ~ HK$38...
Forest森林 升級貓主食湯罐系列 93%吞拿魚+三文魚．80g（貓罐頭）,HK$216.00
Forest森林 升級貓主食湯罐系列 94%吞拿魚+魚湯．80g（貓罐頭）,HK$216.00
Forest森林 升級貓主食湯罐系列 93%雞肉+芝士．80g（貓罐頭）,HK$216.00
